id,count,name
50,707,BD
56,2524,BE
854,1014,BF
100,223,BG
70,93,BA
52,12,BB
60,7,BM
96,23,BN
68,1181,BO
48,19,BH
108,42,BI
204,266,BJ
64,85,BT
388,60,JM
72,136,BW
882,3,WS
76,54529,BR
44,13,BS
112,227,BY
84,23,BZ
643,5779,RU
646,176,RW
688,274,RS
626,41,TL
638,41,RE
795,7,TM
762,14,TJ
642,5459,RO
316,9,GU
320,290,GT
300,6244,GR
226,2,GQ
312,39,GP
392,8233,JP
328,13,GY
831,2,GG
268,45,GE
826,15109,GB
266,86,GA
324,92,GN
304,2,GL
288,984,GH
512,66,OM
788,1481,TN
400,126,JO
191,267,HR
332,85,HT
348,2333,HU
344,7173,HK
340,122,HN
862,713,VE
630,793,PR
275,125,PS
620,3873,PT
600,299,PY
368,442,IQ
591,328,PA
258,1,PF
598,142,PG
604,5506,PE
586,3057,PK
608,4175,PH
616,8250,PL
666,1,PM
894,188,ZM
732,6,EH
233,154,EE
818,802,EG
710,3753,ZA
218,7974,EC
380,13874,IT
704,709,VN
999,16856,ZZ
90,12,SB
28,47,EU
231,1360,ET
706,46,SO
716,647,ZW
682,740,SA
724,17318,ES
232,4,ER
499,19,ME
498,62,MD
450,120,MG
504,1117,MA
860,124,UZ
104,121,MM
466,98,ML
446,385,MO
496,191,MN
807,45,MK
480,33,MU
470,113,MT
454,276,MW
462,6,MV
474,3,MQ
478,53,MR
800,540,UG
458,2316,MY
484,38984,MX
376,1244,IL
250,11331,FR
246,1209,FI
242,29,FJ
238,4,FK
558,162,NI
528,5323,NL
578,747,NO
516,107,NA
548,1,VU
540,11,NC
562,72,NE
566,1614,NG
554,1711,NZ
524,622,NP
520,1,NR
184,1,CK
383,24,XK
384,506,CI
756,2638,CH
170,19897,CO
156,236769,CN
120,630,CM
152,7307,CL
124,16876,CA
178,86,CG
140,7,CF
180,312,CD
203,2691,CZ
196,127,CY
188,1285,CR
132,44,CV
192,266,CU
748,27,SZ
760,60,SY
417,27,KG
404,1456,KE
728,28,SS
740,16,SR
116,200,KH
222,458,SV
174,32,KM
678,19,ST
703,1666,SK
410,22160,KR
705,162,SI
414,74,KW
686,1046,SN
694,44,SL
690,3,SC
398,331,KZ
136,5,KY
702,3277,SG
752,3242,SE
729,107,SD
214,145,DO
212,2,DM
262,17,DJ
208,554,DK
276,6931,DE
887,57,YE
12,660,DZ
840,133096,US
858,838,UY
175,23,YT
422,139,LB
662,6,LC
418,32,LA
158,27286,TW
780,78,TT
792,9634,TR
144,714,LK
438,4,LI
428,108,LV
440,184,LT
442,105,LU
430,8,LR
426,15,LS
764,6666,TH
768,301,TG
148,47,TD
796,2,TC
434,59,LY
784,444,AE
20,28,AD
4,53,AF
660,8,AI
850,4,VI
352,25,IS
364,2346,IR
51,54,AM
8,65,AL
24,154,AO
990,3206,AP
61,2,AS
32,6265,AR
36,4742,AU
40,2625,AT
29,4,AW
356,17317,IN
834,543,TZ
31,73,AZ
372,800,IE
360,40243,ID
804,694,UA
634,76,QA
508,199,MZ
